protocol_or_standard,category,why_it_matters_for_lisbon,open_source_or_open_standard_surface,build_angle,matched_lisbon_sponsors,evidence_urls,source_quality,access_date,recheck_by
World AgentKit,human-backed agents,"Prior Cannes/New York winners show strong signal for products that break without proof-of-human. AgentKit lets verified humans delegate proof to agents.","GitHub repo and World developer docs","Human-backed agent API marketplace; one-human-one-agent quota; verified trial/giveaway access; agent payments with human accountability","World; ENS; The Graph","https://github.com/worldcoin/agentkit ; https://docs.world.org/agents/agent-kit",official/open-source,2026-06-22,2026-07-21
x402,agent and API payments,"Agent commerce needs accountless machine-payable APIs, retries, and micropayment gates. Multiple prior projects used x402-style payment flows.","Open protocol docs and GitHub foundation repo","Payment-gated data APIs for agents; paid security scans; chargebackable agent services; paid graph/index queries","1inch; ENS; World; Yellow","https://docs.x402.org/introduction ; https://github.com/x402-foundation/x402",official/open-source,2026-06-22,2026-07-21
ERC-8004 Trustless Agents,agent identity and reputation,"New York projects repeatedly target agent discovery, reputation, and counterpart risk. ERC-8004 gives agent registries a standard shape.","Ethereum EIP and open-source contracts","Agent registry with ENS names, x402 endpoints, reputation proofs, and dispute history","ENS; The Graph; Hedera; World","https://eips.ethereum.org/EIPS/eip-8004 ; https://github.com/erc-8004/erc-8004-contracts",official/open-standard,2026-06-22,2026-07-21
Uniswap v4 hooks,DeFi programmable liquidity,"Hooks let a pool customize lifecycle behavior, enabling risk controls, fees, intents, compliance gates, or agent-specific liquidity logic.","Uniswap developer docs and public hook repo","LP safety hook; LVR-aware fee hook; human-gated launch hook; hook monitoring dashboard","Uniswap Foundation; The Graph; 1inch","https://developers.uniswap.org/docs/protocols/v4/concepts/hooks ; https://github.com/Uniswap/v4-hooks-public",official/open-source,2026-06-22,2026-07-21
The Graph Substreams,indexing and analytics,"Several strong projects win by exposing live trust/risk data. Substreams provides high-performance indexing for dashboards, reputation, and agent history.","Official The Graph docs","Agent reputation indexer; Uniswap hook analytics; x402 service revenue dashboard; proof-of-human activity graph","The Graph; ENS; Uniswap Foundation","https://thegraph.com/docs/en/substreams/introduction/ ; https://docs.substreams.dev/",official/open-source,2026-06-22,2026-07-21
0G decentralized AI stack,decentralized AI compute/storage/DA,"Cannes winners used 0G to make agent reasoning and memory verifiable. Lisbon lists 0G as a prize partner.","Official docs and starter repos","Verifiable agent memory; decentralized inference receipts; AI DeFi agent with auditable prompts and outputs","0G; World; The Graph","https://docs.0g.ai/ ; https://github.com/0glabs/0g-compute-ts-starter-kit",official/open-source,2026-06-22,2026-07-21
ENSv2 and ENS developer stack,identity and discovery,"ENS keeps showing up in winning agent, security, and discovery projects. ENSv2 is moving toward more flexible cross-chain/name architecture while staying on Ethereum L1.","Official ENS docs and ENSv2 materials","Agent directory; product passport names; dispute reputation records; wallet safety labels","ENS; The Graph; World","https://docs.ens.domains/ ; https://ens.domains/ensv2 ; https://ens.domains/blog/post/ens-staying-on-ethereum",official/dynamic,2026-06-22,2026-07-21
1inch Aqua,shared liquidity,"Aqua is a developer-facing shared-liquidity layer and maps directly to Lisbon's 1inch sponsor surface.","GitHub repo and 1inch developer release","Shared-liquidity strategy marketplace; LVR-aware Aqua router; capital allocation simulator; agent-selected strategies","1inch; Uniswap Foundation; The Graph","https://github.com/1inch/aqua ; https://1inch.com/blog/post/aqua-developer-release",official/open-source,2026-06-22,2026-07-21
Yellow state channels,state channels and clearing,"Lisbon includes Yellow. State channels are a strong fit for low-latency, offchain negotiation, clearing, and net settlement.","Official Yellow site and whitepaper","Agent service clearinghouse; high-frequency game/market settlement; cross-chain escrow with net settlement","Yellow; 1inch; ENS","https://www.yellow.org/ ; https://docs.yellow.org/whitepaper/",official/dynamic,2026-06-22,2026-07-21
Hedera and Hiero,high-throughput services and open infrastructure,"Prior winners used Hedera for consensus logs, token operations, and agent payments. Hiero exposes Hedera's open-source stack.","Official Hedera open-source material and ETHGlobal criteria","Audit log for agent actions; tokenized product passports; no-Solidity payment automation; HCS evidence trails","Hedera; World; The Graph","https://hedera.com/learning/open-source-at-hedera ; https://ethglobal.com/events/cannes2026/prizes/hedera",official/open-source,2026-06-22,2026-07-21
Chainlink CRE privacy standard,confidential workflows,"Cannes/New York Chainlink winners cluster around workflow orchestration, privacy, compliance, and confidential external data.","Official Chainlink docs and demos","Private compliance router; confidential AI attester; institutional DeFi policy workflow; escrow adjudication","The Graph; 1inch; Uniswap Foundation","https://docs.chain.link/oracle-platform/privacy-standard ; https://docs.chain.link/cre/guides/workflow/using-confidential-http-client",official/dynamic,2026-06-22,2026-07-21
Walrus,verifiable storage,"New York winners used Walrus for durable data and agent memory. Not a Lisbon sponsor in the current prize page, but useful support infra.","Official docs and GitHub repo","Verifiable project memory; product-passport evidence blobs; agent memory portability","The Graph; ENS; 0G","https://docs.wal.app/ ; https://github.com/MystenLabs/walrus",official/open-source,2026-06-22,2026-07-21
"ENSIP-25 and ENSIP-26 agent records","agent identity and discovery","ERC-8004 gives agents registry shape, but Lisbon products also need human-readable names, endpoints, and verification records that wallets and indexers can resolve.","ENS improvement proposals in official ENS docs","ENS-named agent directory; MCP/A2A endpoint resolver; verified service record for x402 agents; sponsor-safe agent profile card","ENS; World; The Graph","https://docs.ens.domains/ensip/25/ ; https://docs.ens.domains/ensip/26/",official/open-standard,2026-06-29,2026-07-21
"ERC-4337 plus EIP-7702 account abstraction","wallet and account security","Agentic apps need constrained execution, sponsorship, batching, and recoverable signing without asking users to approve raw transactions.","Ethereum EIPs and open-source account-abstraction contracts","Session-key agent wallet; paymaster-gated hackathon onboarding; policy wallet for DeFi routes; EIP-7702 delegation risk scanner","ENS; World; 1inch; Uniswap Foundation","https://eips.ethereum.org/EIPS/eip-4337 ; https://eips.ethereum.org/EIPS/eip-7702 ; https://github.com/eth-infinitism/account-abstraction",official/open-source,2026-06-29,2026-07-21
"ERC-7683 cross-chain intents","DeFi routing and liquidity","Lisbon DeFi ideas can compete on execution quality instead of another swap UI by exposing solver assumptions, route guarantees, and cross-chain settlement state.","Ethereum ERC plus production Across implementation docs","Intent quality scoreboard; route-risk simulator; cross-chain payment router for agents; solver reputation index","1inch; Uniswap Foundation; The Graph","https://eips.ethereum.org/EIPS/eip-7683 ; https://docs.across.to/guides/concepts/erc-7683",official/open-standard,2026-06-29,2026-07-21
Semaphore,privacy and human verification,"World covers proof-of-human, but many Lisbon products need anonymous membership proofs, voting, endorsements, or gated access without public identity linkage.","Official Semaphore site and GitHub repo","Anonymous verified attendee poll; private allowlist claims; proof-of-membership DeFi access; human-backed agent endorsements","World; ENS; The Graph","https://semaphore.pse.dev/ ; https://github.com/semaphore-protocol/semaphore",official/open-source,2026-06-29,2026-07-21
"Sui zkLogin","identity and wallet onboarding","Sui is a visible Lisbon sponsor surface and zkLogin gives a concrete wallet primitive: OAuth-backed, self-custodial, privacy-preserving transaction authorization.","Official Sui docs and open-source Sui repo","Consumer DeFi onboarding; social login wallet with sponsored transactions; verified identity opt-in; event-local Sui payment flow","Sui; World; ENS","https://docs.sui.io/sui-stack/zklogin-integration/zklogin ; https://github.com/MystenLabs/sui",official/open-source,2026-06-29,2026-07-21
"Open Intents Framework","cross-chain intents and solver infrastructure","ERC-7683 gives a standard order shape; OIF gives hackathon teams reusable contracts, solver, aggregator, and specs instead of building the full solver stack from scratch.","Ethereum Foundation-hosted overview and public GitHub organization","Intent router for agents; solver quality monitor; sponsor-specific cross-chain action composer; OIF-to-ERC-7683 settlement explorer","1inch; Uniswap Foundation; The Graph; ENS","https://efdn.notion.site/The-Open-Intents-Framework-permissionless-cross-chain-interop-to-all-chains-29cd9895554181e2966fe6585980ca9b ; https://github.com/openintentsframework",official/open-source,2026-07-06,2026-07-21
"ERC-7579 modular smart accounts","wallet and account security","Agentic products need wallet modules that work across account implementations, not one-off session-key adapters that strand users in a single vendor stack.","Ethereum ERC and ERC-7579 developer docs","Portable agent-permission module; wallet module risk scanner; session-key install/revoke dashboard; cross-wallet policy module demo","ENS; World; 1inch; Uniswap Foundation","https://eips.ethereum.org/EIPS/eip-7579 ; https://erc7579.com/",official/open-standard,2026-07-06,2026-07-21
"ERC-7715 wallet permissions","wallet permissions and agent automation","Scoped wallet permissions are the missing UX layer between EIP-7702/4337 execution and agent actions users can safely pre-authorize.","Ethereum ERC and wallet-permission examples","Daily spend permission for x402 agents; subscription agent with expiry rules; user-facing permission diff; delegated DeFi rebalancer guardrail","World; 1inch; ENS; Uniswap Foundation","https://eips.ethereum.org/EIPS/eip-7715 ; https://github.com/MetaMask/templated-gator-7715",official/open-standard,2026-07-06,2026-07-21
"Ethereum Attestation Service","identity attestations and compliance evidence","Lisbon products need inspectable claims about agents, wallets, projects, and compliance decisions; EAS supplies an open attestation substrate instead of custom trust tables.","Official EAS docs and open-source contracts/SDKs","Attested agent reputation; compliance decision receipts; verified builder credentials; product-passport claim graph indexed by The Graph","ENS; The Graph; World; Hedera","https://docs.attest.org/ ; https://github.com/ethereum-attestation-service/eas-contracts ; https://github.com/ethereum-attestation-service/eas-sdk",official/open-source,2026-07-06,2026-07-21
"Circle CCTP","cross-chain USDC and payment liquidity","Agent commerce and DeFi routing demos need native USDC movement without liquidity-pool bridge assumptions; current CCTP adds fast transfer and hooks surfaces.","Circle developer docs and official EVM CCTP contracts","Cross-chain x402 settlement; agent payroll in native USDC; route payment after intent fill; liquidity rebalance monitor","1inch; Uniswap Foundation; The Graph","https://developers.circle.com/cctp ; https://github.com/circlefin/evm-cctp-contracts",official/open-source,2026-07-06,2026-07-21
"The Compact","resource locks for intents","Reusable resource locks turn cross-chain intents into credible commitments, giving Lisbon teams a concrete primitive for escrow, fills, claims, and arbiter logic.","Uniswap developer docs and open-source contracts","Agent escrow primitive; solver collateral monitor; cross-chain service-level compact; claim/arbiter explorer for failed routes","Uniswap Foundation; 1inch; The Graph","https://developers.uniswap.org/docs/protocols/the-compact/overview ; https://github.com/Uniswap/the-compact",official/open-source,2026-07-06,2026-07-21
"EigenDA","data availability and verifiable storage","Storage/DA ideas need more than blob upload demos: EigenDA gives an Ethereum-aligned DA layer for rollup data, large attestations, and agent evidence trails.","EigenDA protocol spec and Layr-Labs GitHub repo","DA-backed agent memory log; verifiable compliance evidence blob; rollup/data feed availability monitor; DA cost comparison dashboard","0G; The Graph; ENS","https://layr-labs.github.io/eigenda/ ; https://github.com/Layr-Labs/eigenda",official/open-source,2026-07-06,2026-07-21
