repo,project,related_idea,setup_time,license,maintainer_activity,sponsor_sdk_evidence,reusable_primitive,upstream_contribution_path,ecosystem_value_50,audit_status,source_url,access_date,recheck_by,notes
"https://github.com/x402-foundation/x402","x402","Human-backed x402 service desk","unknown","unknown","unknown","unverified","x402 escrow/dispute module","Standalone adapter or PR/example showing paid service escrow, dispute state, and reputation event",44,"not_audited","https://docs.x402.org/introduction ; https://github.com/x402-foundation/x402",2026-06-22,2026-07-21,"High ecosystem value if another builder can import the payment/dispute primitive."
"https://github.com/erc-8004/erc-8004-contracts ; https://github.com/scryptedai/agentindex","ERC-8004; AgentIndex","Human-backed agent marketplace reputation; Human-backed x402 service desk","unknown","unknown","unknown","unverified","ENS agent registry schema","Schema/example for ENS-linked agents, x402 endpoints, reputation factors, and dispute history",45,"not_audited","https://eips.ethereum.org/EIPS/eip-8004 ; https://github.com/erc-8004/erc-8004-contracts ; https://github.com/scryptedai/agentindex",2026-06-22,2026-07-21,"Best if delivered as reusable registry schema plus example indexer."
"https://github.com/worldcoin/agentkit","World AgentKit","Human-backed x402 service desk; Human-backed agent marketplace reputation","unknown","unknown","unknown","unverified","World proof-gated agent template","Template/example that binds one verified human to one service agent, quota, or reputation path",43,"not_audited","https://github.com/worldcoin/agentkit ; https://docs.world.org/agents/agent-kit",2026-06-22,2026-07-21,"Reject if proof only gates login."
"https://github.com/scryptedai/agentindex","AgentIndex","Human-backed x402 service desk; Verifiable agent memory and audit trail","unknown","unknown","unknown","unverified","The Graph/Substreams reputation indexer","Reusable schema and indexer for service outcomes, agent actions, proofs, and disputes",44,"not_audited","https://github.com/scryptedai/agentindex ; https://thegraph.com/docs/en/substreams/introduction/",2026-06-22,2026-07-21,"Use The Graph only if index output changes routing, trust, or pricing."
"https://github.com/ben-harper27/ethglobal-nyc-26 ; https://github.com/1inch/aqua ; https://github.com/Uniswap/v4-hooks-public","Carry; 1inch Aqua; Uniswap hooks","LVR-aware Aqua/Uniswap allocator","unknown","unknown","unknown","unverified","Uniswap/1inch LVR scoring package","Reusable calculation package plus demo adapter for pool data, LVR estimate, and strategy recommendation",45,"not_audited","https://ethglobal.com/showcase/carry-b4wcm ; https://github.com/1inch/aqua ; https://github.com/Uniswap/v4-hooks-public",2026-06-22,2026-07-21,"Needs formula tests and reproducible examples before it becomes credible."
"https://github.com/0glabs/0g-compute-ts-starter-kit","0G starter kit","Prompt-injection firewall for agent wallets; Verifiable agent memory and audit trail","unknown","unknown","unknown","unverified","0G verifiable agent memory adapter","Adapter/example that stores agent memory, reasoning receipt, or evidence blob and links it to an approval/ranking decision",41,"not_audited","https://docs.0g.ai/ ; https://github.com/0glabs/0g-compute-ts-starter-kit",2026-06-22,2026-07-21,"Only valuable if memory changes a concrete decision."
"https://github.com/0xenshell/contract","ENShell","Prompt-injection firewall for agent wallets","unknown","unknown","unknown","unverified","Agent transaction firewall policy module","Reusable policy module or example for classifying/blocking one transaction type before signing",40,"not_audited","https://ethglobal.com/showcase/enshell-6t95y ; https://github.com/0xenshell/contract",2026-06-22,2026-07-21,"Check whether repo is contract-only before choosing it as base."
"https://github.com/EdwardJXLi/Clawback","Clawback","Human-backed x402 service desk","unknown","unknown","unknown","unverified","Agent payment dispute state machine","Extract escrow/dispute/reputation flow into reusable state machine or package",42,"not_audited","https://ethglobal.com/showcase/clawback-vpmw2 ; https://github.com/EdwardJXLi/Clawback",2026-06-22,2026-07-21,"Strong prior pattern; final Lisbon sponsor fit still needs validation."
"https://github.com/JackREscowitz/Proof-Of-Human-Drops","Proof-of-Human","Human-backed x402 service desk; Human-backed agent marketplace reputation","unknown","unknown","unknown","unverified","World proof-gated action template","Generalize from scarce drops to one-human-one-agent task, quota, or service claim",39,"not_audited","https://ethglobal.com/showcase/proof-of-human-1cg2d ; https://github.com/JackREscowitz/Proof-Of-Human-Drops",2026-06-22,2026-07-21,"Useful only if generalized beyond raffle/drop mechanics."
