project_id,project_name,event,official_url,repo_url,live_demo_url,team_note,team_members,team_source_status,access_date
dive-5hxbp,DIVE,ETHGlobal Cannes 2026,https://ethglobal.com/showcase/dive-5hxbp,https://github.com/derek2403/cannes2026,https://github.com/derek2403/cannes2026,teams/dive-5hxbp,unresolved,public ETHGlobal payload did not expose team member names in this extraction,2026-06-22
veil-vpn-c643n,VEIL VPN,ETHGlobal Cannes 2026,https://ethglobal.com/showcase/veil-vpn-c643n,https://github.com/itublockchain/veil-vpn,https://github.com/itublockchain/veil-vpn,teams/veil-vpn-c643n,unresolved,public ETHGlobal payload did not expose team member names in this extraction,2026-06-22
enshell-6t95y,ENShell,ETHGlobal Cannes 2026,https://ethglobal.com/showcase/enshell-6t95y,https://github.com/0xenshell/contract,https://github.com/0xenshell/contract,teams/enshell-6t95y,unresolved,public ETHGlobal payload did not expose team member names in this extraction,2026-06-22
proof-of-human-1cg2d,Proof-of-Human,ETHGlobal New York 2026,https://ethglobal.com/showcase/proof-of-human-1cg2d,https://github.com/JackREscowitz/Proof-Of-Human-Drops,https://github.com/JackREscowitz/Proof-Of-Human-Drops,teams/proof-of-human-1cg2d,unresolved,public ETHGlobal payload did not expose team member names in this extraction,2026-06-22
nyx-prk3o,Nyx,ETHGlobal New York 2026,https://ethglobal.com/showcase/nyx-prk3o,https://github.com/ybapat/ethny26,https://github.com/ybapat/ethny26,teams/nyx-prk3o,unresolved,public ETHGlobal payload did not expose team member names in this extraction,2026-06-22
agentranker-0mo6w,AgentRanker,ETHGlobal New York 2026,https://ethglobal.com/showcase/agentranker-0mo6w,https://github.com/Hitakshi02/AgentRank,https://github.com/Hitakshi02/AgentRank,teams/agentranker-0mo6w,unresolved,public ETHGlobal payload did not expose team member names in this extraction,2026-06-22
azimuth-7w256,Azimuth,ETHGlobal New York 2026,https://ethglobal.com/showcase/azimuth-7w256,https://github.com/vaibhav-vemula/azimuth,https://github.com/vaibhav-vemula/azimuth,teams/azimuth-7w256,unresolved,public ETHGlobal payload did not expose team member names in this extraction,2026-06-22
clawback-vpmw2,Clawback,ETHGlobal New York 2026,https://ethglobal.com/showcase/clawback-vpmw2,https://github.com/EdwardJXLi/Clawback,https://github.com/EdwardJXLi/Clawback,teams/clawback-vpmw2,unresolved,public ETHGlobal payload did not expose team member names in this extraction,2026-06-22
veryclear-vu8i7,Veryclear,ETHGlobal Cannes 2026,https://ethglobal.com/showcase/veryclear-vu8i7,https://github.com/lfglabs-dev/explain.md,https://github.com/lfglabs-dev/explain.md,teams/veryclear-vu8i7,unresolved,public ETHGlobal payload did not expose team member names in this extraction,2026-06-22
smile-fictr,Smile,ETHGlobal New York 2026,https://ethglobal.com/showcase/smile-fictr,https://github.com/oslinin/Smile,https://github.com/oslinin/Smile,teams/smile-fictr,unresolved,public ETHGlobal payload did not expose team member names in this extraction,2026-06-22
better-wallet-yvjdh,Better Wallet,ETHGlobal New York 2026,https://ethglobal.com/showcase/better-wallet-yvjdh,https://github.com/BetterWallet/betterwallet-nfc,https://github.com/BetterWallet/betterwallet-nfc,teams/better-wallet-yvjdh,unresolved,public ETHGlobal payload did not expose team member names in this extraction,2026-06-22
ballast-7jpyp,Ballast,ETHGlobal New York 2026,https://ethglobal.com/showcase/ballast-7jpyp,https://github.com/mcmoodoo/Ballast,https://github.com/mcmoodoo/Ballast,teams/ballast-7jpyp,unresolved,public ETHGlobal payload did not expose team member names in this extraction,2026-06-22
maki-564eg,maki,ETHGlobal Cannes 2026,https://ethglobal.com/showcase/maki-564eg,https://github.com/slaviquee/maki,https://github.com/slaviquee/maki,teams/maki-564eg,unresolved,public ETHGlobal payload did not expose team member names in this extraction,2026-06-22
npmguard-aeihd,npmguard,ETHGlobal Cannes 2026,https://ethglobal.com/showcase/npmguard-aeihd,https://github.com/kryczkal/EthCannes2026,https://github.com/kryczkal/EthCannes2026,teams/npmguard-aeihd,unresolved,public ETHGlobal payload did not expose team member names in this extraction,2026-06-22
paintglobal-v4pwo,PaintGlobal,ETHGlobal Cannes 2026,https://ethglobal.com/showcase/paintglobal-v4pwo,https://github.com/Lasssssa/PaintGlobal,https://github.com/Lasssssa/PaintGlobal,teams/paintglobal-v4pwo,unresolved,public ETHGlobal payload did not expose team member names in this extraction,2026-06-22
corpus-j7an5,Corpus,ETHGlobal Cannes 2026,https://ethglobal.com/showcase/corpus-j7an5,https://github.com/spock-mark1/corpus-protocol,https://github.com/spock-mark1/corpus-protocol,teams/corpus-j7an5,unresolved,public ETHGlobal payload did not expose team member names in this extraction,2026-06-22
defi-e9zii,Defi,ETHGlobal Cannes 2026,https://ethglobal.com/showcase/defi-e9zii,https://github.com/Camillemtd/dueldefi,https://github.com/Camillemtd/dueldefi,teams/defi-e9zii,unresolved,public ETHGlobal payload did not expose team member names in this extraction,2026-06-22
alma-unresolved,ALMA,ETHGlobal Cannes 2026,https://x.com/ETHGlobal/status/2040805061899723200,,,teams/alma-unresolved,unresolved,not fetched or source not an ETHGlobal project page,2026-06-22
evm-porst-kkcfo,EVM PORST,ETHGlobal Cannes 2026,https://ethglobal.com/showcase/evm-porst-kkcfo,https://github.com/duncancmt/porst,https://github.com/duncancmt/porst,teams/evm-porst-kkcfo,unresolved,public ETHGlobal payload did not expose team member names in this extraction,2026-06-22
opencompliance-b89x9,OpenCompliance,ETHGlobal Cannes 2026,https://ethglobal.com/showcase/opencompliance-b89x9,https://github.com/fraVlaca/open-compliance-network,https://github.com/fraVlaca/open-compliance-network,teams/opencompliance-b89x9,unresolved,public ETHGlobal payload did not expose team member names in this extraction,2026-06-22
sentinel-91nv5,SENTINEL,ETHGlobal Cannes 2026,https://ethglobal.com/showcase/sentinel-91nv5,https://github.com/Ayoub-ouederni/SENTINEL,https://github.com/Ayoub-ouederni/SENTINEL,teams/sentinel-91nv5,unresolved,public ETHGlobal payload did not expose team member names in this extraction,2026-06-22
shawarma-orchestrate-rfyhe,Shawarma Orchestrate,ETHGlobal Cannes 2026,https://ethglobal.com/showcase/shawarma-orchestrate-rfyhe,https://github.com/chevoisiatesalvati/schwarma-orchestrator,https://github.com/chevoisiatesalvati/schwarma-orchestrator,teams/shawarma-orchestrate-rfyhe,unresolved,public ETHGlobal payload did not expose team member names in this extraction,2026-06-22
agentindex-psxxo,AgentIndex,ETHGlobal New York 2026,https://ethglobal.com/showcase/agentindex-psxxo,https://github.com/scryptedai/agentindex,https://github.com/scryptedai/agentindex,teams/agentindex-psxxo,unresolved,public ETHGlobal payload did not expose team member names in this extraction,2026-06-22
agentrankr-xe2vj,AgentRankr,ETHGlobal New York 2026,https://ethglobal.com/showcase/agentrankr-xe2vj,https://github.com/zambrose/agentrank,https://github.com/zambrose/agentrank,teams/agentrankr-xe2vj,unresolved,public ETHGlobal payload did not expose team member names in this extraction,2026-06-22
carry-b4wcm,Carry,ETHGlobal New York 2026,https://ethglobal.com/showcase/carry-b4wcm,https://github.com/ben-harper27/ethglobal-nyc-26,https://github.com/ben-harper27/ethglobal-nyc-26,teams/carry-b4wcm,unresolved,public ETHGlobal payload did not expose team member names in this extraction,2026-06-22
scoutxyz-rwueo,Scoutxyz,ETHGlobal New York 2026,https://ethglobal.com/showcase/scoutxyz-rwueo,https://github.com/JuampiHernandez/scout-networking-agents,https://github.com/JuampiHernandez/scout-networking-agents,teams/scoutxyz-rwueo,unresolved,public ETHGlobal payload did not expose team member names in this extraction,2026-06-22
kickoff-aivy-studio-f6o10,Kickoff Aivy Studio,ETHGlobal New York 2026,https://ethglobal.com/showcase/kickoff-aivy-studio-f6o10,https://github.com/jmgomezl/aivy-studio,https://github.com/jmgomezl/aivy-studio,teams/kickoff-aivy-studio-f6o10,unresolved,public ETHGlobal payload did not expose team member names in this extraction,2026-06-22
ensfromwei-m3nj7,ENSFromWei,ETHGlobal New York 2026,https://ethglobal.com/showcase/ensfromwei-m3nj7,https://github.com/mdengler/egnyc26,https://github.com/mdengler/egnyc26,teams/ensfromwei-m3nj7,unresolved,public ETHGlobal payload did not expose team member names in this extraction,2026-06-22
tap-tap-revolution-fnvdt,Tap Tap Revolution,ETHGlobal New York 2026,https://ethglobal.com/showcase/tap-tap-revolution-fnvdt,https://github.com/jcruzfff/taptap-revolution,https://github.com/jcruzfff/taptap-revolution,teams/tap-tap-revolution-fnvdt,unresolved,public ETHGlobal payload did not expose team member names in this extraction,2026-06-22
preo-rg0m9,Preo,ETHGlobal New York 2026,https://ethglobal.com/showcase/preo-rg0m9,https://github.com/alycz/Preo,https://github.com/alycz/Preo,teams/preo-rg0m9,unresolved,public ETHGlobal payload did not expose team member names in this extraction,2026-06-22
