classification,source_relative_path,repo_relative_path,sha256,size_bytes
dependency_or_support,.obsidian/app.json,docs/lisbon/archive/research-vault/.obsidian/app.json,44136fa355b3678a1146ad16f7e8649e94fb4fc21fe77e8310c060f61caaff8a,2
dependency_or_support,.obsidian/appearance.json,docs/lisbon/archive/research-vault/.obsidian/appearance.json,44136fa355b3678a1146ad16f7e8649e94fb4fc21fe77e8310c060f61caaff8a,2
dependency_or_support,.obsidian/core-plugins.json,docs/lisbon/archive/research-vault/.obsidian/core-plugins.json,763cf20a921fd9955735b278006820b90b207b2fc04d9e79ca648279c7c14276,696
dependency_or_support,.obsidian/graph.json,docs/lisbon/archive/research-vault/.obsidian/graph.json,a50972f6c617ce15dcc1a68cfea44cb1bdcc80e93f8519c55973b0eb58da9023,511
dependency_or_support,.obsidian/workspace.json,docs/lisbon/archive/research-vault/.obsidian/workspace.json,97fe26a26494e50215953c32593aa1787f871eaeb07bcd54465015d56684d256,5188
direct,00_BEGINNER_HACKATHON_DASHBOARD.md,docs/lisbon/archive/research-vault/00_BEGINNER_HACKATHON_DASHBOARD.md,3905fce1ba0b3b49dd6522dae1945dd4182ccf24363d6c428636557a468ad111,24998
direct,00_Index.md,docs/lisbon/archive/research-vault/00_Index.md,72969527175ac6b63220c8fbd7dd25a37a65410a08cc6d74961d1f4b40344460,6553
direct,01_Master_Synthesis.md,docs/lisbon/archive/research-vault/01_Master_Synthesis.md,ede6cec3abf5e5aab424b4ca3c487a67a3c53313e7de97534c6afb638ebbb48f,8825
direct,02_Task_Register.md,docs/lisbon/archive/research-vault/02_Task_Register.md,011d0b337153d410a869af94f913e4b8eaf9ef7d241bde53812f3be63fdf1960,4845
direct,03_Source_Ledger.md,docs/lisbon/archive/research-vault/03_Source_Ledger.md,78065db45b1479ba0dce9fb37233eee2bc0604c9e279b0b6f036413774cd26c2,38491
direct,04_Findings_Database.md,docs/lisbon/archive/research-vault/04_Findings_Database.md,8b6f9e8ad4b91e5d088a43a3bc0925c88a4a2d6413f1086efbb5d26695e5837c,15913
dependency_or_support,05_Task_Output_Aggregation.md,docs/lisbon/archive/research-vault/05_Task_Output_Aggregation.md,f491840ea7dcf6da49b23da62d6b16f4926f0541b1508bc67b2b9e71461a198c,4822
dependency_or_support,colosseum/projects/00_Project_Index.md,docs/lisbon/archive/research-vault/colosseum/projects/00_Project_Index.md,84faa88193139dd1fc1f64cebfe81a4cd0478095c6058079f897e511020b51cc,3261
dependency_or_support,colosseum/projects/alpha-group-trading.md,docs/lisbon/archive/research-vault/colosseum/projects/alpha-group-trading.md,ac6ee0110c54c0d3cc6d27e07b9717a66ac75f6ef421b3af9508885ed9cd4bb1,3998
dependency_or_support,colosseum/projects/bench.md,docs/lisbon/archive/research-vault/colosseum/projects/bench.md,652d999dc248185dc9113e087bf6837cf51d5e7affb517d1098aec7ef348d849,3772
dependency_or_support,colosseum/projects/cesto.md,docs/lisbon/archive/research-vault/colosseum/projects/cesto.md,57c22879e02078ab712036272eb1aeeec342b0513ba43dc6aebb347ce9b3f813,4019
dependency_or_support,colosseum/projects/clawpump.md,docs/lisbon/archive/research-vault/colosseum/projects/clawpump.md,8f6590ae11056882d269575c7c8d6616f37a855fdc54cb141f7e074672379b80,4062
dependency_or_support,colosseum/projects/crafts-1.md,docs/lisbon/archive/research-vault/colosseum/projects/crafts-1.md,f385f080377133a5c19a614e3b795925091fd6daacb459e5bdc53893b0e7e181,3426
dependency_or_support,colosseum/projects/crowdbrain.md,docs/lisbon/archive/research-vault/colosseum/projects/crowdbrain.md,93ff732c19dbf72c01fdcfbce6065fd509225892fae949df80be271f4a62c6f7,3816
dependency_or_support,colosseum/projects/dashx-1.md,docs/lisbon/archive/research-vault/colosseum/projects/dashx-1.md,752583232937d5cc0c9cc8503caedef5d99454897c5dd847f0bb835572c29344,3633
dependency_or_support,colosseum/projects/dropset.md,docs/lisbon/archive/research-vault/colosseum/projects/dropset.md,ce4a0be257350c919e49a12bffbd4191298bc8ae26e00ad2741711fbf187b77f,3555
dependency_or_support,colosseum/projects/flovia.md,docs/lisbon/archive/research-vault/colosseum/projects/flovia.md,97845fc2a4d0a82b26c877a88e6ff13579ce8a4a30cf281bed899e1fdd206706,4038
dependency_or_support,colosseum/projects/fraudsworth.md,docs/lisbon/archive/research-vault/colosseum/projects/fraudsworth.md,4448a3ccc12fb2c6a24b5dfe8b1fe0cd5486a6269c2c3c14425994f761a701e4,3714
dependency_or_support,colosseum/projects/housd.md,docs/lisbon/archive/research-vault/colosseum/projects/housd.md,555ad45c4fd2de18cd7bb6f0b799383e6a1cba81b863f54283f0d3af34b3258f,3230
dependency_or_support,colosseum/projects/iochain.md,docs/lisbon/archive/research-vault/colosseum/projects/iochain.md,24bb5c0b040108e32ddb0463bd1311bf4c2a979be73fbc57e886d1edcfe7e177,3603
dependency_or_support,colosseum/projects/jk-index.md,docs/lisbon/archive/research-vault/colosseum/projects/jk-index.md,0e5daed684571c951f3830c5b80b19f4cae60ace4dfcd7555436e5511c73f1d0,3916
dependency_or_support,colosseum/projects/kinnectfi.md,docs/lisbon/archive/research-vault/colosseum/projects/kinnectfi.md,e97e3830935e94360694ec3b1426cf8ea2e2c567dd26576a796cdbfa850e3e80,3937
dependency_or_support,colosseum/projects/memetic-machines.md,docs/lisbon/archive/research-vault/colosseum/projects/memetic-machines.md,5674672632ea911e0cf3399e6c103eb1871673cd265f36326eecb8ee684b8a67,3592
dependency_or_support,colosseum/projects/mentioned.md,docs/lisbon/archive/research-vault/colosseum/projects/mentioned.md,a5943c553dc66ae441b38a202f6bcd641ebf4153417d3dc6619751ebe8e2b660,3700
dependency_or_support,colosseum/projects/nomu-1.md,docs/lisbon/archive/research-vault/colosseum/projects/nomu-1.md,5895fe1e6ca86fb316b188304b6fe0991ea46faa0ed8ff4af74388d3ef11fcde,4053
dependency_or_support,colosseum/projects/odl-on-demand-liquidity.md,docs/lisbon/archive/research-vault/colosseum/projects/odl-on-demand-liquidity.md,c663f6ee4b0bf72366cbeef567dbc5d761ba843001415e2dac045422012999c4,3568
dependency_or_support,colosseum/projects/one-arena.md,docs/lisbon/archive/research-vault/colosseum/projects/one-arena.md,3f3a40b2807914ff1dbdf8642c0e6633c781bae51a50c58b75e4c76634919da6,3543
dependency_or_support,colosseum/projects/peaks.md,docs/lisbon/archive/research-vault/colosseum/projects/peaks.md,878dfbb7cfd869a5d37eb9f4920f93fa3dd14300522b2a5019a3158025f70199,3510
dependency_or_support,colosseum/projects/senthos.md,docs/lisbon/archive/research-vault/colosseum/projects/senthos.md,c29a324554456463b5ac2c51c857f57fb462a9769b036b67fe0f0f0db9052f00,3741
dependency_or_support,colosseum/projects/stablecorp.md,docs/lisbon/archive/research-vault/colosseum/projects/stablecorp.md,fd61f7d6b7f0e23a9593fb263dac16857ac7cd154b02bc85826dad863dbe24ce,3764
dependency_or_support,colosseum/projects/sudont.md,docs/lisbon/archive/research-vault/colosseum/projects/sudont.md,8cd69b08a21a4f2e00447e56f65ce898ce9100995781c9e92c97cc58927297ea,3930
dependency_or_support,colosseum/projects/the-syndicate.md,docs/lisbon/archive/research-vault/colosseum/projects/the-syndicate.md,3ae200865eacb24e2ba7559bfac27b424807821a8a0741c106352cbc8f2294e6,3839
dependency_or_support,colosseum/projects/traded-gg.md,docs/lisbon/archive/research-vault/colosseum/projects/traded-gg.md,5e86a3cd16710083e62d5d6ea3f336a516b123a8ef4d2528476b732f07fc70c4,3761
dependency_or_support,colosseum/projects/welikesports.md,docs/lisbon/archive/research-vault/colosseum/projects/welikesports.md,1d6b65e5ec6c38d8d5cced6c1dd10c9f36bcb3dfc2b27ae28e5a2d82b57a8e0e,3666
dependency_or_support,colosseum/projects/yieldcompass.md,docs/lisbon/archive/research-vault/colosseum/projects/yieldcompass.md,2d65830587fb5e98c215477c58887480ff42082dfc004a94d42c9a530cd51c30,3773
dependency_or_support,colosseum/projects/zoneless.md,docs/lisbon/archive/research-vault/colosseum/projects/zoneless.md,3fe2e7eaf969308c2a4e22342beb314f1577cc27af7a29702ac57836d174af51,3926
dependency_or_support,colosseum/solana-frontier-2026.md,docs/lisbon/archive/research-vault/colosseum/solana-frontier-2026.md,f85366f77d46f3bd1c7a77723517d4666f73575dc28e7b3db88b494421cb1603,8696
dependency_or_support,events/ethglobal-cannes-2026.md,docs/lisbon/archive/research-vault/events/ethglobal-cannes-2026.md,34da04c46f2651a1a932de92e11adb4c81c4e71bf4dc3c378959c4fbd1ac013c,12846
direct,events/ethglobal-lisbon-2026.md,docs/lisbon/archive/research-vault/events/ethglobal-lisbon-2026.md,6af4916334ec0d36ef408e68caaafd7372bb1f454f514fc3e518c073f8ff3edf,5998
dependency_or_support,events/ethglobal-new-york-2026.md,docs/lisbon/archive/research-vault/events/ethglobal-new-york-2026.md,ab9260908bb9630efd9f04c8afa0b403f5ab09e5b8d8d30ad7206c9740261db7,13950
dependency_or_support,projects/00_Project_Index.md,docs/lisbon/archive/research-vault/projects/00_Project_Index.md,685d71c8a4db97498e088af5ea83a5563c0ceaba4cdadb73dbb73162c73b0b57,2746
dependency_or_support,projects/agentindex.md,docs/lisbon/archive/research-vault/projects/agentindex.md,064d2d0421823a547c5f7329acce9f70111108431c590ce86335d377bbcfcfa6,1918
dependency_or_support,projects/agentranker.md,docs/lisbon/archive/research-vault/projects/agentranker.md,ffe222ef6ecefa33ca43de157e47da2f53f089980076db8e03be01666bf3cc68,1306
dependency_or_support,projects/agentrankr.md,docs/lisbon/archive/research-vault/projects/agentrankr.md,8269ec0e3241d5138c1f21cae7baf1fb00b8dd7e53ed2073017a70184c1c02d6,1909
dependency_or_support,projects/alma.md,docs/lisbon/archive/research-vault/projects/alma.md,25661546136278dd41dacb75f8e3a7cef307b3ba367c8d8ca837c429a23815a6,1391
dependency_or_support,projects/azimuth.md,docs/lisbon/archive/research-vault/projects/azimuth.md,019d9947af4824f3879eeb3a6c98854779ddd21272fbeace305c7cb116547991,2002
dependency_or_support,projects/ballast.md,docs/lisbon/archive/research-vault/projects/ballast.md,d8d59d45bae674b4f832a44f6f116b7deef70cd7cd108868e217c4c0d2850d31,1720
dependency_or_support,projects/better-wallet.md,docs/lisbon/archive/research-vault/projects/better-wallet.md,d03333c178a63a4b259487a8755ca1057f0e8faf8f02a4c4ec85f8cba690af20,1845
dependency_or_support,projects/carry.md,docs/lisbon/archive/research-vault/projects/carry.md,5eb8eec4a6be2ac588e53de5a849028a43bbf0212108abc95b227a3fa173cddc,1902
dependency_or_support,projects/clawback.md,docs/lisbon/archive/research-vault/projects/clawback.md,4283dfb7198118e14e49698547edd4388f2296e3e848b85780af28e125f369af,1856
dependency_or_support,projects/corpus.md,docs/lisbon/archive/research-vault/projects/corpus.md,0bff080214dec22b7f314fe090ff48c98b965aebc4acc40e6c75430df4245269,1934
dependency_or_support,projects/defi.md,docs/lisbon/archive/research-vault/projects/defi.md,249894e72ad9edbbd5636006b38a542adddf2dab738ceab42c3c6ce824e33767,1748
dependency_or_support,projects/dive.md,docs/lisbon/archive/research-vault/projects/dive.md,ccb6251ec97dd2361c6f6a1e6cb956b1212230e257b7db6220ed8065cb9d29e5,2134
dependency_or_support,projects/ensfromwei.md,docs/lisbon/archive/research-vault/projects/ensfromwei.md,2a9ba6270f55b72b16129ae4e81d4f846e3596eedd72449a614ec5bcb19369c0,1271
dependency_or_support,projects/enshell.md,docs/lisbon/archive/research-vault/projects/enshell.md,19c8ae414b4fe1e053924fb968e121c461975820f3c599fb8c48df4024d186d9,2004
dependency_or_support,projects/evm-porst.md,docs/lisbon/archive/research-vault/projects/evm-porst.md,434a89b74168e64a767d3fa4d041f4014e29ac86cae97246f421f589d4447338,1833
dependency_or_support,projects/kickoff-aivy-studio.md,docs/lisbon/archive/research-vault/projects/kickoff-aivy-studio.md,3286a5fb60db1b3f06675e5eaf5a015d24ade143fef39a8ea35195edd5d39fb7,1324
dependency_or_support,projects/maki.md,docs/lisbon/archive/research-vault/projects/maki.md,2765590ef90b054f458fcc917f13535dc626a5d21139fab2e82ba61160d9a142,1972
dependency_or_support,projects/npmguard.md,docs/lisbon/archive/research-vault/projects/npmguard.md,939d188a65c138b8fd4440ab2a6739b923afa139f3fedf4f409ee63900d11470,2005
dependency_or_support,projects/nyx.md,docs/lisbon/archive/research-vault/projects/nyx.md,0daa70276783055389de0bc6f86e678178bbe06ca9235f796754bec0fa8e4d72,1877
dependency_or_support,projects/opencompliance.md,docs/lisbon/archive/research-vault/projects/opencompliance.md,5246fae3f0570a0c4d9d571c72f8b28fdbe4577726ba0664ecd9474529c87ae7,1944
dependency_or_support,projects/paintglobal.md,docs/lisbon/archive/research-vault/projects/paintglobal.md,cda912fdcd557d1aad2a8ef1708d64cf6715f604fdf3443876e35be1d6fbe1ff,1898
dependency_or_support,projects/preo.md,docs/lisbon/archive/research-vault/projects/preo.md,0afc22c325a76dc1101c661c8af82d1dfa1e25f013e1802a2068e0d660773f81,1208
dependency_or_support,projects/proof-of-human.md,docs/lisbon/archive/research-vault/projects/proof-of-human.md,3d11d4817b9bba77ed6cfce020e5cf284b40407bd5e293bd81209cac63d145f7,1927
dependency_or_support,projects/scoutxyz.md,docs/lisbon/archive/research-vault/projects/scoutxyz.md,abde33ba04cf8b19dd5215bb81c049b04d6a40349387a49a973f2df0dd02afb5,2003
dependency_or_support,projects/sentinel.md,docs/lisbon/archive/research-vault/projects/sentinel.md,96b8ffe8a45a038aed3fd2fe6c6c15f48730e4e9ec5298fe0605e57b999b5e2e,1920
dependency_or_support,projects/shawarma-orchestrate.md,docs/lisbon/archive/research-vault/projects/shawarma-orchestrate.md,f12a6e40a0ab53a80776b2da47e266e752b707c8137ef08a732f95986863f89d,2047
dependency_or_support,projects/smile.md,docs/lisbon/archive/research-vault/projects/smile.md,7aa816fcd720997bd206bad59e374592b28b6102130aca22fda28e03051ea355,1728
dependency_or_support,projects/tap-tap-revolution.md,docs/lisbon/archive/research-vault/projects/tap-tap-revolution.md,eb7da38718f73a0c50d8bdfd515a48023ceb31012c17d738f602bcb03baace98,1389
dependency_or_support,projects/veil-vpn.md,docs/lisbon/archive/research-vault/projects/veil-vpn.md,da815647d69f26ab51c6d285076fc98989b4bb984c1b0f113d53d85829a66002,2150
dependency_or_support,projects/veryclear.md,docs/lisbon/archive/research-vault/projects/veryclear.md,43520c0c410b33dd212eec35c603392fe75a110b37934d3bee0de181ca8c80bb,1252
dependency_or_support,prompts/TASK-001-cannes-2026-event-prizes-projects.md,docs/lisbon/archive/research-vault/prompts/TASK-001-cannes-2026-event-prizes-projects.md,d2976a6984465cfb610b862adf4a9d80a52c773b0b3acc100e35c15b0dac6f0d,330
dependency_or_support,prompts/TASK-002-new-york-2026-event-prizes-projects.md,docs/lisbon/archive/research-vault/prompts/TASK-002-new-york-2026-event-prizes-projects.md,44ad90bf907a968f9a401b4735e658ca8f5f95cb2336450a4940942f0b2543ce,366
dependency_or_support,prompts/TASK-003-lisbon-2026-prizes-rules-opportunities.md,docs/lisbon/archive/research-vault/prompts/TASK-003-lisbon-2026-prizes-rules-opportunities.md,1507a300cd31552d22d14b12aac0edaeeae5528a416007d01ffad6c47ca8137f,339
dependency_or_support,prompts/TASK-004-winner-finalist-pattern-analysis.md,docs/lisbon/archive/research-vault/prompts/TASK-004-winner-finalist-pattern-analysis.md,5ffae5b30d2c22415da46a3eab0d2cf12a4898ff7828e10cdf4ca5eeafe7a52a,319
dependency_or_support,prompts/TASK-005-vault-assembly-normalization.md,docs/lisbon/archive/research-vault/prompts/TASK-005-vault-assembly-normalization.md,691fcc290bf98abe0898fb15526eafd4933d407aeb6121c4d6135c488f7f1d38,282
dependency_or_support,prompts/TASK-006-source-audit-and-vault-qa.md,docs/lisbon/archive/research-vault/prompts/TASK-006-source-audit-and-vault-qa.md,dbdb447068f904ec7fab6338a0d60c11fbe91e8c2ba97931e2c8b62406f32779,265
direct,prompts/alphadawg-lisbon/00_GOAL_Index.md,docs/lisbon/archive/research-vault/prompts/alphadawg-lisbon/00_GOAL_Index.md,95a712db89e1b57104b6f043916008c8fb390f283423da2990ea27bc94d9197a,2838
direct,prompts/alphadawg-lisbon/01_GOAL_Master_Strategy.md,docs/lisbon/archive/research-vault/prompts/alphadawg-lisbon/01_GOAL_Master_Strategy.md,b2c280b07c9db823af20ac89238c23cfb709592ad68e70334663148b6187c880,13944
direct,prompts/alphadawg-lisbon/02_GOAL_Prize_and_Technology_Research.md,docs/lisbon/archive/research-vault/prompts/alphadawg-lisbon/02_GOAL_Prize_and_Technology_Research.md,804c60dd312ec2231fa6662ce52a9437a5c7b7b2adfeb3ec4cc015182df930bb,9021
direct,prompts/alphadawg-lisbon/03_GOAL_Server_Agent_Migration.md,docs/lisbon/archive/research-vault/prompts/alphadawg-lisbon/03_GOAL_Server_Agent_Migration.md,c36bdf686da1611bf37d47d7da3dc08871bd7787be90ed70c0e5da86de389afc,11573
direct,prompts/alphadawg-lisbon/04_GOAL_36_Hour_Implementation_and_Evidence.md,docs/lisbon/archive/research-vault/prompts/alphadawg-lisbon/04_GOAL_36_Hour_Implementation_and_Evidence.md,7aa04eea0d36649006c31e8bc760436c913287fe52957176caf2263d433e0aa5,13092
direct,prompts/alphadawg-lisbon/05_GOAL_Dual_Project_Continuity_and_From_Scratch_Strategy.md,docs/lisbon/archive/research-vault/prompts/alphadawg-lisbon/05_GOAL_Dual_Project_Continuity_and_From_Scratch_Strategy.md,13ba762990a09d7dc65433dd4cd7a14e15516b5485a5f08e5a529acb66585072,22132
direct,prompts/alphadawg-lisbon/06_GOAL_Async_Developer_Branch_Pack.md,docs/lisbon/archive/research-vault/prompts/alphadawg-lisbon/06_GOAL_Async_Developer_Branch_Pack.md,45006288fa88af118e136e8def8fdec248eb2f270135232e09afbe80fe3739cc,32260
direct,prompts/lisbon-dual-project/01_GOAL_AlphaDawg_Continuity_H0.md,docs/lisbon/archive/research-vault/prompts/lisbon-dual-project/01_GOAL_AlphaDawg_Continuity_H0.md,29658ec05bf8c116906c9e0e00de7166849e3144752659b17095da46fb9b4a4d,49437
direct,prompts/lisbon-dual-project/02_GOAL_Project_B_From_Scratch_H0.md,docs/lisbon/archive/research-vault/prompts/lisbon-dual-project/02_GOAL_Project_B_From_Scratch_H0.md,a7f7a767715df4bfa89df57501c32a225166aaef64a03f627573bf9ddf3bd1ce,18615
dependency_or_support,proof-packs/00_Proof_Index.md,docs/lisbon/archive/research-vault/proof-packs/00_Proof_Index.md,8d9249a82d122288b14d11d78540975bf8d2cf24a8d3032659dcb6f1fb10d8dc,362
dependency_or_support,protocols/00_Protocol_Index.md,docs/lisbon/archive/research-vault/protocols/00_Protocol_Index.md,163fc68081f3e6230bb34c75733973a2fb0abfcaf30c601d3d7dbdbc2bcb02b5,1009
dependency_or_support,protocols/0g-decentralized-ai-stack.md,docs/lisbon/archive/research-vault/protocols/0g-decentralized-ai-stack.md,5602124d5eef2ec740c2fed3c630041dddc9e609e60934edf1a5960f98109151,620
dependency_or_support,protocols/1inch-aqua.md,docs/lisbon/archive/research-vault/protocols/1inch-aqua.md,1977e1d8fc5f0e73a4040d07d6191b21d997c1d65541e9fb808d4fa165888b93,626
dependency_or_support,protocols/chainlink-cre-privacy-standard.md,docs/lisbon/archive/research-vault/protocols/chainlink-cre-privacy-standard.md,c534c65d116b5d949f58b5f87707c71feb10a6a0059d2987f37ca554f58d410f,707
dependency_or_support,protocols/ensv2-and-ens-developer-stack.md,docs/lisbon/archive/research-vault/protocols/ensv2-and-ens-developer-stack.md,68d84111d991fa6ddd088a4c6596b212e453bcae36ed718de0d911701b4d745c,696
dependency_or_support,protocols/erc-8004-trustless-agents.md,docs/lisbon/archive/research-vault/protocols/erc-8004-trustless-agents.md,16dcd39a4431c3acc0667017874831370bcb2ccc97c849f0ef1565139af18256,657
dependency_or_support,protocols/hedera-and-hiero.md,docs/lisbon/archive/research-vault/protocols/hedera-and-hiero.md,b25a78eb7d7436498a3e81ec1407477ee3b740910c4d794c9268f13d64310840,710
dependency_or_support,protocols/the-graph-substreams.md,docs/lisbon/archive/research-vault/protocols/the-graph-substreams.md,e68b5e94906b74e91662564c2df249e7cca689542e64cdb4daebe1e3f50deeb3,672
dependency_or_support,protocols/uniswap-v4-hooks.md,docs/lisbon/archive/research-vault/protocols/uniswap-v4-hooks.md,33087e7b85599216d6d36c72c61bb83df26ddba5581661ed6458f06013985c7a,678
dependency_or_support,protocols/walrus.md,docs/lisbon/archive/research-vault/protocols/walrus.md,ece2f92fe25aeeb2d38fe343660b3cd83d04be8ada31316aa94c29d3c9d50530,576
dependency_or_support,protocols/world-agentkit.md,docs/lisbon/archive/research-vault/protocols/world-agentkit.md,973e066445faa195e98d40fcb1f30af2f41462788b76f9b214a2d881e90f195a,680
dependency_or_support,protocols/x402.md,docs/lisbon/archive/research-vault/protocols/x402.md,f3b2248ab771af427785a98560d623376030f0fda3da4942370cb0fa23e7dada,651
dependency_or_support,protocols/yellow-state-channels.md,docs/lisbon/archive/research-vault/protocols/yellow-state-channels.md,407e7ff49c22617b184cb13fd3425609debd9b68732bd17d3099acb3c2f95288,612
dependency_or_support,registers/colosseum_frontier_projects.csv,docs/lisbon/archive/research-vault/registers/colosseum_frontier_projects.csv,1a2df07db6bace8a11b19ac3aecc0c950359ad98c72e5e6f3647aa251c13b474,41006
dependency_or_support,registers/colosseum_frontier_repo_audit.csv,docs/lisbon/archive/research-vault/registers/colosseum_frontier_repo_audit.csv,30a5eea61b225115d7fd733c753683890b0c06c4646e51472a4bd6d2f8c699ef,4151
dependency_or_support,registers/colosseum_frontier_tracks_sponsors.csv,docs/lisbon/archive/research-vault/registers/colosseum_frontier_tracks_sponsors.csv,93b81a3645746a8cdfd0d23fc6431eb26a8f0b007907fc9a292df11d2e74a45f,7480
dependency_or_support,registers/events.csv,docs/lisbon/archive/research-vault/registers/events.csv,b0036e025c197c591406514da59faa9fc309b5f5810273c6b95ccb36834b0fc9,1000
dependency_or_support,registers/lisbon_2026_idea_portfolios.csv,docs/lisbon/archive/research-vault/registers/lisbon_2026_idea_portfolios.csv,bc1ca00f770b0ee6feeee6065315f09753b2adc52e999e229a5b77aea24ea7f8,12114
dependency_or_support,registers/lisbon_2026_track_ledger.csv,docs/lisbon/archive/research-vault/registers/lisbon_2026_track_ledger.csv,90e82ee9d74afd14cddb07cc77394756535d5195f857585ee4710b3c521a78e0,8221
dependency_or_support,registers/lisbon_2026_winner_precedents.csv,docs/lisbon/archive/research-vault/registers/lisbon_2026_winner_precedents.csv,a42878008260139087d7c0cef8ccdaa0ec06385d1faa6ad5c3209f5a56fb5f56,21693
dependency_or_support,registers/lisbon_idea_opportunities.csv,docs/lisbon/archive/research-vault/registers/lisbon_idea_opportunities.csv,3d02e3df353c792b77f6428816a6ba651b6093d93a8e80a16f9fcc6474faedf9,5507
dependency_or_support,registers/open_source_protocol_watchlist.csv,docs/lisbon/archive/research-vault/registers/open_source_protocol_watchlist.csv,ff4d10c32221bb6f8d0f7c02267f5ae8e7ab4eee2c02b5156e66d63453aa5ddb,13109
dependency_or_support,registers/open_source_repo_audit.csv,docs/lisbon/archive/research-vault/registers/open_source_repo_audit.csv,7c738fd2e803f404c921efd1bcc68a383554dcee289689a0b2bd1384d545a6f0,4831
dependency_or_support,registers/prizes.csv,docs/lisbon/archive/research-vault/registers/prizes.csv,f98a3ead887df273f934fd80af422a9823452992c82fc5be5f6d78e327f61856,7344
dependency_or_support,registers/project_repos_teams.csv,docs/lisbon/archive/research-vault/registers/project_repos_teams.csv,f2c62493927e2036fbaae8b0569894c731aa3c8fcaae0c6ab45eadb6fb674137,9091
dependency_or_support,registers/projects.csv,docs/lisbon/archive/research-vault/registers/projects.csv,1ac5ce47d9678c0e2236fe3f3339893febcb58e06aa140c774fec3d64e0ff276,19152
direct,registers/source_freshness.csv,docs/lisbon/archive/research-vault/registers/source_freshness.csv,18c8ac2dafccb075517aef3d80e50807ca0cb7251a18cd1c317c2cf760b7467c,23572
dependency_or_support,registers/track_validation.csv,docs/lisbon/archive/research-vault/registers/track_validation.csv,597b6133cc087f4771b2e563b0c314457c2e1f1662fdc15e0b74f98c02763761,6325
dependency_or_support,registers/tracks.csv,docs/lisbon/archive/research-vault/registers/tracks.csv,f8c999296cb4f54a0fa28745fcfe01baa32319052d3996c15b15582e9bb501c2,1744
dependency_or_support,registers/winner_reasoning.csv,docs/lisbon/archive/research-vault/registers/winner_reasoning.csv,9bf3fd123745680999fcbf22796fe6013a2b4b4c0b551cdafbf143101368a04e,16847
dependency_or_support,repositories/00_Repository_Index.md,docs/lisbon/archive/research-vault/repositories/00_Repository_Index.md,e10638df40e1b80c822aaaff8ebb2392df1d8b025f48eaaa0673300b8a8073c7,2609
dependency_or_support,repositories/agentindex-psxxo.md,docs/lisbon/archive/research-vault/repositories/agentindex-psxxo.md,55993142f4c4875b698d4b26045800e9ca2fcc647ff9956d1033ce61087ac381,703
dependency_or_support,repositories/agentranker-0mo6w.md,docs/lisbon/archive/research-vault/repositories/agentranker-0mo6w.md,f06766a3bb95c8ea28bea9fe7b114469883c8745181b8e299bf785ab44a1a68d,705
dependency_or_support,repositories/agentrankr-xe2vj.md,docs/lisbon/archive/research-vault/repositories/agentrankr-xe2vj.md,2be832a021a8c989433f1c80d2cfb6373d6102db64aa16b4ea1a4b3224a4b41e,697
dependency_or_support,repositories/azimuth-7w256.md,docs/lisbon/archive/research-vault/repositories/azimuth-7w256.md,7342473ba3a9c07cab5cb0834828d2c67dc9c04449b6ef30d02a16915f98d471,693
dependency_or_support,repositories/ballast-7jpyp.md,docs/lisbon/archive/research-vault/repositories/ballast-7jpyp.md,7567fc2544ae6370f0edac0b18308f0be10a930849cb06fbc2b9b4e147bc8cdd,681
dependency_or_support,repositories/better-wallet-yvjdh.md,docs/lisbon/archive/research-vault/repositories/better-wallet-yvjdh.md,162798ce2153523317c6a505dbc4783f972da8ebf510bb81602f554825d58b08,731
dependency_or_support,repositories/carry-b4wcm.md,docs/lisbon/archive/research-vault/repositories/carry-b4wcm.md,dd2b796f00ec70ebd4dd0bbbb8e80d09a47f83cc5bad3d981f3d7e7a7a26ecda,699
dependency_or_support,repositories/clawback-vpmw2.md,docs/lisbon/archive/research-vault/repositories/clawback-vpmw2.md,a1884cb26c3fcae8c9a6254bdc453118b432f8733b5d84bec8bebe95baec84c8,691
dependency_or_support,repositories/corpus-j7an5.md,docs/lisbon/archive/research-vault/repositories/corpus-j7an5.md,d68288d587b275dc62879c3cf6fce090e0e4c6bfc13d07fff4b371466b5d336e,695
dependency_or_support,repositories/defi-e9zii.md,docs/lisbon/archive/research-vault/repositories/defi-e9zii.md,a5caac7444adbb14ab3bfa9d92c7fd21916678c90218bd50c4ecf3431e082287,671
dependency_or_support,repositories/dive-5hxbp.md,docs/lisbon/archive/research-vault/repositories/dive-5hxbp.md,382773acd25e1bd63e6fd61343be1496f1b0a67a4fa3634c63b06d26c0e7c7f0,673
dependency_or_support,repositories/ensfromwei-m3nj7.md,docs/lisbon/archive/research-vault/repositories/ensfromwei-m3nj7.md,22b5d54ee6d5498ddbf295f41889f9a51b08283213751ecc866fd80ae1ef5711,693
dependency_or_support,repositories/enshell-6t95y.md,docs/lisbon/archive/research-vault/repositories/enshell-6t95y.md,bf95abeff4fca355c9adf545b7019251f5593d738d4fc9ca01c88a9a05ebdfd8,681
dependency_or_support,repositories/evm-porst-kkcfo.md,docs/lisbon/archive/research-vault/repositories/evm-porst-kkcfo.md,52400343d3b895b266105ca18a8f83df363f849a82751543125072af7134d807,683
dependency_or_support,repositories/kickoff-aivy-studio-f6o10.md,docs/lisbon/archive/research-vault/repositories/kickoff-aivy-studio-f6o10.md,089de129ea771c064a356828b317caa9bb64d792d29372eb32b3d1166ce2e31e,737
dependency_or_support,repositories/maki-564eg.md,docs/lisbon/archive/research-vault/repositories/maki-564eg.md,2760e3157ad25aa3859f839b5e36f84a382a2e77f9035295c015e0733ff19533,661
dependency_or_support,repositories/npmguard-aeihd.md,docs/lisbon/archive/research-vault/repositories/npmguard-aeihd.md,58b3d3cab9b9ce7b0e27644e322ef03e0dccb005fade8ab6dad6ce134573dee9,693
dependency_or_support,repositories/nyx-prk3o.md,docs/lisbon/archive/research-vault/repositories/nyx-prk3o.md,7634edd1ca486ec36f60873c0923a35b34dfa1ed868422fce9bd7c1efe174de9,661
dependency_or_support,repositories/opencompliance-b89x9.md,docs/lisbon/archive/research-vault/repositories/opencompliance-b89x9.md,246321ceb09f68a327bbfb765162aedc063a74def1567169b50d2fb403dfe22e,737
dependency_or_support,repositories/paintglobal-v4pwo.md,docs/lisbon/archive/research-vault/repositories/paintglobal-v4pwo.md,f133ad945377b344b7eb7df88268e2d52be06ab4e420d4519143d153e1bb1873,701
dependency_or_support,repositories/preo-rg0m9.md,docs/lisbon/archive/research-vault/repositories/preo-rg0m9.md,f066cb139e126704fbf0335558594afd1b4f738da52d18e192eb7a065ce7d72e,657
dependency_or_support,repositories/proof-of-human-1cg2d.md,docs/lisbon/archive/research-vault/repositories/proof-of-human-1cg2d.md,9acfbe18248b855ba34fd935ad3d51ae9815885b381934d7c7fe06ba4acffdb3,745
dependency_or_support,repositories/scoutxyz-rwueo.md,docs/lisbon/archive/research-vault/repositories/scoutxyz-rwueo.md,2982fccac8dc426851a0256ee0ce31280ad2478b44a5796c4e1c4963f06aab23,731
dependency_or_support,repositories/sentinel-91nv5.md,docs/lisbon/archive/research-vault/repositories/sentinel-91nv5.md,da4b956a8bd8db98b1273ba7393a9942c814e6ad91587d00d2cf0465429e8151,695
dependency_or_support,repositories/shawarma-orchestrate-rfyhe.md,docs/lisbon/archive/research-vault/repositories/shawarma-orchestrate-rfyhe.md,bebb072f4eb85a00ba5867fee0f957bbf8559f21d16e087cfc181d43f5cdefe7,777
dependency_or_support,repositories/smile-fictr.md,docs/lisbon/archive/research-vault/repositories/smile-fictr.md,c262c7d289e4d1c3224bad78f7b6b153e28e37b30b24406a881e6907880bb7f5,667
dependency_or_support,repositories/tap-tap-revolution-fnvdt.md,docs/lisbon/archive/research-vault/repositories/tap-tap-revolution-fnvdt.md,12582890213f0f3e2234e36ade8ebdfb15395355158488d3017107ffba2f56e3,745
dependency_or_support,repositories/veil-vpn-c643n.md,docs/lisbon/archive/research-vault/repositories/veil-vpn-c643n.md,f7a139776a7ef4d6a216ca08bc845e6e4293c045a52ba01e53b8bc33b2b2c6fb,693
dependency_or_support,repositories/veryclear-vu8i7.md,docs/lisbon/archive/research-vault/repositories/veryclear-vu8i7.md,e91f76a0f7e84bf4faafbe7b07f359ba1b753083a90e0f18b1a0e66c3f0cbfc0,697
dependency_or_support,reviews/source-audit-and-vault-qa.md,docs/lisbon/archive/research-vault/reviews/source-audit-and-vault-qa.md,8e561e1874165f353b3db116f98897298bfec4c4a096e1b48bb9a93c954bf671,2195
direct,sources/alphadawg-lisbon-2026-source-ledger.csv,docs/lisbon/archive/research-vault/sources/alphadawg-lisbon-2026-source-ledger.csv,d062e06509464fb4732043717adcb015ebdb4f55f350c556d40609aa2414c4fd,28729
dependency_or_support,sources/lisbon-2026-winner-research-source-ledger.csv,docs/lisbon/archive/research-vault/sources/lisbon-2026-winner-research-source-ledger.csv,61bbc94759179f5388b3fef93f935d33e3f67a4c6025af4f117404e2381b31f7,4682
direct,sources/lisbon-dual-project-2026-source-ledger.csv,docs/lisbon/archive/research-vault/sources/lisbon-dual-project-2026-source-ledger.csv,526857da3643dde3f92524ca495e6c39304323367ec78876a5e89cb4f2de133d,8198
dependency_or_support,sponsors/00_Sponsor_Index.md,docs/lisbon/archive/research-vault/sponsors/00_Sponsor_Index.md,e654c0592213b77562f21acea79371250246244f52b6aed5e141ce3a717ce761,2318
direct,strategy/alphadawg-agent-commerce-track-map.md,docs/lisbon/archive/research-vault/strategy/alphadawg-agent-commerce-track-map.md,fa988738fb94e1ca977b14b2fbe55c0bcc99cb38a1d53657cd53f8c5d9052cfa,16780
direct,strategy/alphadawg-lisbon-continuity-strategy.md,docs/lisbon/archive/research-vault/strategy/alphadawg-lisbon-continuity-strategy.md,0db7f2255dee8cca40d84ed9e1852c9e5813155293bc183b71f68ed26e4a2995,12572
direct,strategy/alphadawg/00_Command_Center.md,docs/lisbon/archive/research-vault/strategy/alphadawg/00_Command_Center.md,a9a8d255eb54490e9c8a0cdbf1efa477fbbd135c31827427e40fe480c4c0bedf,8927
direct,strategy/alphadawg/01_Cannes_Baseline_and_Lisbon_Delta.md,docs/lisbon/archive/research-vault/strategy/alphadawg/01_Cannes_Baseline_and_Lisbon_Delta.md,657146a9b4c5a0deefe52092bbdff42fc3ab5ce50e6fa1e94a77423430db01c4,4695
direct,strategy/alphadawg/02_Track_Strategy.md,docs/lisbon/archive/research-vault/strategy/alphadawg/02_Track_Strategy.md,f7cc6dbb72f3e1a2549f099abae78e43dd19c8cf2dbfdbc861f9becae9ad2c99,4859
direct,strategy/alphadawg/03_Engineering_Plan.md,docs/lisbon/archive/research-vault/strategy/alphadawg/03_Engineering_Plan.md,77d0df10953b6702853befb5c0dd7ee1c20b2597455000451072cb50f49f9320,8447
direct,strategy/alphadawg/04_E2E_Validation.md,docs/lisbon/archive/research-vault/strategy/alphadawg/04_E2E_Validation.md,d35a2c54367b71ed9e25607c146c76c37699917379f006fea3aecb8687ac99e2,4728
direct,strategy/alphadawg/05_Automation_Runbook.md,docs/lisbon/archive/research-vault/strategy/alphadawg/05_Automation_Runbook.md,5aeea1bb240763e77def70835047bace549e77c9bb2da8d48a01962e0864de58,2586
direct,strategy/alphadawg/06_Hedera_0G_1inch_Scope_Audit.md,docs/lisbon/archive/research-vault/strategy/alphadawg/06_Hedera_0G_1inch_Scope_Audit.md,ae90ee3a1c92f8506cf5d61cec1d565e00bf8c9d4cd62a4996ff96182779b69c,17992
direct,strategy/alphadawg/07_Exact_0G_Hedera_Uniswap_Arc_Plan.md,docs/lisbon/archive/research-vault/strategy/alphadawg/07_Exact_0G_Hedera_Uniswap_Arc_Plan.md,7ea0e6fa1944f848fccc22b2dc10829ab9aaef79aebf9de65c117f1608b2a4e0,5979
direct,strategy/alphadawg/08_Maximal_Track_Portfolio_Feasibility.md,docs/lisbon/archive/research-vault/strategy/alphadawg/08_Maximal_Track_Portfolio_Feasibility.md,04c4e0694f42fc247a04a60eef90f7944f64ae10582461f718e8b1745965cb74,10755
direct,strategy/alphadawg/09_Lisbon_Live_Track_and_Eligibility_Audit.md,docs/lisbon/archive/research-vault/strategy/alphadawg/09_Lisbon_Live_Track_and_Eligibility_Audit.md,204f089eba110fbbd9fe8def54ff49d555fc594fd5b7ab239e1915febe2264b1,15718
direct,strategy/alphadawg/10_AlphaDawg_Current_Engineering_Audit.md,docs/lisbon/archive/research-vault/strategy/alphadawg/10_AlphaDawg_Current_Engineering_Audit.md,c7fbed1225e7288ef02b0f62ec2c4470c5d59df7b1e2252f4f5aee2809b633b0,13499
direct,strategy/alphadawg/11_Server_Agent_Target_Architecture.md,docs/lisbon/archive/research-vault/strategy/alphadawg/11_Server_Agent_Target_Architecture.md,985bb86c3c39a79dbfb026002fa8f3130af712a8f480531d6d15b5388f1b801e,16014
direct,strategy/alphadawg/12_Prize_Weighted_Sprint_Backlog.md,docs/lisbon/archive/research-vault/strategy/alphadawg/12_Prize_Weighted_Sprint_Backlog.md,bb4e6e19fa0f465cf3bd253438630070e7722e461f4803910f3830bc3e3f4b99,13950
direct,strategy/alphadawg/13_E2E_and_Submission_Evidence_Plan.md,docs/lisbon/archive/research-vault/strategy/alphadawg/13_E2E_and_Submission_Evidence_Plan.md,fb1298ed96112fd10214ac22e8e3db86b7e4f9299c0e89b18757475e685d9228,17533
direct,strategy/alphadawg/14_Current_Web3_Agent_Commerce_Radar.md,docs/lisbon/archive/research-vault/strategy/alphadawg/14_Current_Web3_Agent_Commerce_Radar.md,1bdab5351889575d1a5c975e7931531d5892437b5e34eb5e892f4c4030ab3945,16573
direct,strategy/alphadawg/15_Winner_Patterns_and_Prize_Portfolios.md,docs/lisbon/archive/research-vault/strategy/alphadawg/15_Winner_Patterns_and_Prize_Portfolios.md,5c985d283ba1faac9d54c20d43e0d25371b7fddb547c786c941d516db223d8be,12712
direct,strategy/alphadawg/16_Pre_Event_Clearance_Packet.md,docs/lisbon/archive/research-vault/strategy/alphadawg/16_Pre_Event_Clearance_Packet.md,aa86e040048f1511a2116bc7a7e709cb03eb06f1a31297615484107dfe524573,13296
direct,strategy/alphadawg/17_Kickoff_H0_Runbook.md,docs/lisbon/archive/research-vault/strategy/alphadawg/17_Kickoff_H0_Runbook.md,2bff7bbead5dc6157a1e8b6ec5f6dd658cee7cf2b8a7bfc0646cc29a1a05acdd,17890
direct,strategy/alphadawg/18_Pre_Event_Prototype_Gap_Audit.md,docs/lisbon/archive/research-vault/strategy/alphadawg/18_Pre_Event_Prototype_Gap_Audit.md,e1fd4fa38d65ab2054caee537912cfd3e1553087b74faf8540f3a964d573b0d9,14895
direct,strategy/alphadawg/19_Pre_Hackathon_Code_Freeze_and_Change_Map.md,docs/lisbon/archive/research-vault/strategy/alphadawg/19_Pre_Hackathon_Code_Freeze_and_Change_Map.md,a6c58eca133d005c7dedd45672cc0c7c1d09094110fef7952f4acac0d55cf161,18679
direct,strategy/alphadawg/20_Track_1_0G_Keep_Ready_Setup.md,docs/lisbon/archive/research-vault/strategy/alphadawg/20_Track_1_0G_Keep_Ready_Setup.md,05490b9be9d21bd922329af925f69c2c42ea87353493bcf6a6f973bc68a6035c,14251
direct,strategy/alphadawg/21_ENSv2_Devnet_Research_and_Implementation_Gate.md,docs/lisbon/archive/research-vault/strategy/alphadawg/21_ENSv2_Devnet_Research_and_Implementation_Gate.md,4d815f15da43a7635a526b4b29a0e6ba80cf1374c21f1d241e6f40fd4a03b217,17736
direct,strategy/alphadawg/22_A0_Live_Authority_and_Clearance_Evidence.md,docs/lisbon/archive/research-vault/strategy/alphadawg/22_A0_Live_Authority_and_Clearance_Evidence.md,78bfe313d6a645a0c9d490f2b6cebe8e2a7ef5baa94cccec37e58fe855731f7b,16422
direct,strategy/alphadawg/ALPHADAWG_LISBON_MASTER.md,docs/lisbon/archive/research-vault/strategy/alphadawg/ALPHADAWG_LISBON_MASTER.md,6ed5413e78fe5e54be4cbf911c6ebca72fd9de6fdce56d00904eae305ec27ebc,190290
direct,strategy/alphadawg/AlphaDawg Lisbon.base,docs/lisbon/archive/research-vault/strategy/alphadawg/AlphaDawg Lisbon.base,5a3c100b8b325a8775fa7ed72edddeb227a8495b08c6c241bfa5c27aead10bb3,1155
direct,strategy/alphadawg/AlphaDawg Lisbon.canvas,docs/lisbon/archive/research-vault/strategy/alphadawg/AlphaDawg Lisbon.canvas,c67650a371c3cce0ae9d21431d91ff0c08f79dd8c3ced53b469b4353e524fa77,3697
dependency_or_support,strategy/colosseum-to-lisbon-transfer-map.md,docs/lisbon/archive/research-vault/strategy/colosseum-to-lisbon-transfer-map.md,48df31a99c4a0a949dc09b9a519f99a017f58c698bebfa8d0da413899db7f532,4775
dependency_or_support,strategy/condensed-winning-playbook.md,docs/lisbon/archive/research-vault/strategy/condensed-winning-playbook.md,f51541e027875b62cf68aeb74709cb8e8932274e9daa9c4a2e444f7180dbd50b,7249
direct,strategy/dual-project/00_Dual_Project_Command_Center.md,docs/lisbon/archive/research-vault/strategy/dual-project/00_Dual_Project_Command_Center.md,e2c5ec764a616554262869b296d0d38434253fd5ca6c0f5298bff9e063c5788e,6087
direct,strategy/dual-project/01_Provenance_and_Team_Separation.md,docs/lisbon/archive/research-vault/strategy/dual-project/01_Provenance_and_Team_Separation.md,5120713fd050b0a36153b43d65c3a3c6d7d9a7f69dec53109ea2c69ce943c8ee,5405
direct,strategy/dual-project/02_Lisbon_Live_Track_Ledger.md,docs/lisbon/archive/research-vault/strategy/dual-project/02_Lisbon_Live_Track_Ledger.md,2f5f75b361d0f3fd80c0135e0430900c8bb95f35f8a0ce23e1fde48dbb0a6219,11195
direct,strategy/dual-project/03_Previous_Winner_Patterns.md,docs/lisbon/archive/research-vault/strategy/dual-project/03_Previous_Winner_Patterns.md,12140284a551c46b7b84021f5f3aedd42cc14ce7bcb2435e6ae92de7229a9e19,8079
direct,strategy/dual-project/04_AlphaDawg_Continuity_Gap_and_Bounty_Map.md,docs/lisbon/archive/research-vault/strategy/dual-project/04_AlphaDawg_Continuity_Gap_and_Bounty_Map.md,39922269432af10bddf8d759c97db6ac8dc0c20cfd607e0a52624c5d0d99a0d7,14309
direct,strategy/dual-project/05_Project_B_20_AI_Agent_Ideas.md,docs/lisbon/archive/research-vault/strategy/dual-project/05_Project_B_20_AI_Agent_Ideas.md,016f870850b4a0f82aaf23924b045633918d1bc547a4915ffc26ec082ca0dd02,52844
direct,strategy/dual-project/06_Project_B_Scorecard_and_Shortlist.md,docs/lisbon/archive/research-vault/strategy/dual-project/06_Project_B_Scorecard_and_Shortlist.md,dc4ca919c25e45088028f9bdaeb308033c4c1e9155f7b14569a4fde4d5e7a76e,15554
direct,strategy/dual-project/07_Final_Two_Project_Portfolio.md,docs/lisbon/archive/research-vault/strategy/dual-project/07_Final_Two_Project_Portfolio.md,66c345b8be4c6ce613d71857fdf02669f5ff0771c823f31bb6a207f1bc833e86,15322
direct,strategy/dual-project/08_Two_Person_H0_Runbook.md,docs/lisbon/archive/research-vault/strategy/dual-project/08_Two_Person_H0_Runbook.md,35fe6996ac011a9cf1726e60dc6c0325a125ead5698c18557e8bc8467c46cb17,6371
dependency_or_support,strategy/dual-project/09_Project_B_Blockchain_Track_Implementation_Contract.md,docs/lisbon/archive/research-vault/strategy/dual-project/09_Project_B_Blockchain_Track_Implementation_Contract.md,553cfe97258235cb78f1cf96c702d4293b70d8d23cbc6aaeeb04de6cfb49c342,17288
direct,strategy/dual-project/10_2026-07-23_Prizes_and_Engineering_Delta.md,docs/lisbon/archive/research-vault/strategy/dual-project/10_2026-07-23_Prizes_and_Engineering_Delta.md,d6b6afd68a46560060f42032b95b3ef7a9b24630f022ebc8e63ae39287aac07f,22216
direct,strategy/dual-project/PROJECT_B_LISBON_MASTER.md,docs/lisbon/archive/research-vault/strategy/dual-project/PROJECT_B_LISBON_MASTER.md,e17871938b0a140100204a5cd8acd8a075ef69ef60ede99b3ccd5c5e6440a8d8,167535
direct,strategy/judge-ready-lisbon-decision-matrix.md,docs/lisbon/archive/research-vault/strategy/judge-ready-lisbon-decision-matrix.md,1bd5263a261e5b477f5b691ff6bacccc60aae44f663f1be38a85ee16eec8e589,26619
dependency_or_support,strategy/lisbon-2026-winner-research/00_Master_Winner_and_Bounty_Research.md,docs/lisbon/archive/research-vault/strategy/lisbon-2026-winner-research/00_Master_Winner_and_Bounty_Research.md,dd508e92e949334df892fc3fb7315084259b9c155af10ec6eb149d0d6d6d8755,27897
direct,strategy/lisbon-idea-theses.md,docs/lisbon/archive/research-vault/strategy/lisbon-idea-theses.md,5f0719d31514c5322497bc73dbcb73f27a2ce807f7bc505d8da559073b79465b,17897
direct,strategy/lisbon-opportunity-map.md,docs/lisbon/archive/research-vault/strategy/lisbon-opportunity-map.md,adbe702d592209d932097255eae048e009654bc4155e0d218e3e00ec83efb27c,6888
dependency_or_support,strategy/weekly-open-source-protocol-radar.md,docs/lisbon/archive/research-vault/strategy/weekly-open-source-protocol-radar.md,858f46d76bba521cf6fe7447162f997fff275d024a04529c243b368609522b1b,9198
dependency_or_support,synthesis/all-findings-aggregated-depth.md,docs/lisbon/archive/research-vault/synthesis/all-findings-aggregated-depth.md,86b05c9672c9a2333b63231e40eb03e7cb5776c1a345d76c7c22c87e6ebb543c,19098
dependency_or_support,synthesis/deep-winner-finalist-debrief-2026.md,docs/lisbon/archive/research-vault/synthesis/deep-winner-finalist-debrief-2026.md,f0d6c2bd6fea832d7098dadb26b9fac98a907096bbba5f5d46cbee696b53d7fd,6269
dependency_or_support,synthesis/winner-finalist-pattern-analysis.md,docs/lisbon/archive/research-vault/synthesis/winner-finalist-pattern-analysis.md,5de77389a9723d554802111d835eeb5118ce0dcb7664dcb0d17e058631474317,13316
dependency_or_support,tasks/TASK-001-cannes-2026-event-prizes-projects.md,docs/lisbon/archive/research-vault/tasks/TASK-001-cannes-2026-event-prizes-projects.md,fe8ec1e630e0d1da280207fa9dfafb27004e604411738719cf45580288c726d4,3629
dependency_or_support,tasks/TASK-002-new-york-2026-event-prizes-projects.md,docs/lisbon/archive/research-vault/tasks/TASK-002-new-york-2026-event-prizes-projects.md,919c68967b46105209477d6aeaa71ee0e4e6a8143f225e59b548eb7bd0248cf2,3083
dependency_or_support,tasks/TASK-003-lisbon-2026-prizes-rules-opportunities.md,docs/lisbon/archive/research-vault/tasks/TASK-003-lisbon-2026-prizes-rules-opportunities.md,a12e8846147e1b21cb13a56424bd203c4c75dd67b3cd5cad193b83afd7dece53,2669
dependency_or_support,teams/00_Team_Index.md,docs/lisbon/archive/research-vault/teams/00_Team_Index.md,67d0b61c2f324ad5f2f233e3a574366efa1565b3889cb376146d0c0c6935a4ea,1463
dependency_or_support,teams/agentindex-psxxo.md,docs/lisbon/archive/research-vault/teams/agentindex-psxxo.md,dfab6d479a29b4519942c3a212a2eb97c24b514bd31948a935c97afe96d5a3d8,520
dependency_or_support,teams/agentranker-0mo6w.md,docs/lisbon/archive/research-vault/teams/agentranker-0mo6w.md,2d5013da6e5c49920bb0ee18eb4a730684d83360cd35c75dd3338b1bd4432725,524
dependency_or_support,teams/agentrankr-xe2vj.md,docs/lisbon/archive/research-vault/teams/agentrankr-xe2vj.md,ba0b227e44fc0cc7478f31095756635f1969840dbd608bc5c44ee4a6d820bd0e,520
dependency_or_support,teams/alma-unresolved.md,docs/lisbon/archive/research-vault/teams/alma-unresolved.md,5fde0c6fd6f3bdb3dae1745d18b1b608d9632e4286a37fcce9bd41284752eda7,476
dependency_or_support,teams/azimuth-7w256.md,docs/lisbon/archive/research-vault/teams/azimuth-7w256.md,ebd2bf0d30403a9d7b85863c729fdd1f28da32830f48f3c26867ac0a8561b9c8,508
dependency_or_support,teams/ballast-7jpyp.md,docs/lisbon/archive/research-vault/teams/ballast-7jpyp.md,7e6b39cafbd2871c5b03488e80cda2ad543a76d852d4a544124f493a5fd44560,508
dependency_or_support,teams/better-wallet-yvjdh.md,docs/lisbon/archive/research-vault/teams/better-wallet-yvjdh.md,d953dbdf5e830b74033552282889fa44ac16f95e50b7b5c2e635c4c17d5900dd,532
dependency_or_support,teams/carry-b4wcm.md,docs/lisbon/archive/research-vault/teams/carry-b4wcm.md,99cd9a154a2fb4797003f6796c2ffbfb7238047725d29d3ed0d9e8ca283c3aec,500
dependency_or_support,teams/clawback-vpmw2.md,docs/lisbon/archive/research-vault/teams/clawback-vpmw2.md,1faf79cc0bdc4ff58987cd34d622211a95722c5eca171d2e2a61f058db2ad01b,512
dependency_or_support,teams/corpus-j7an5.md,docs/lisbon/archive/research-vault/teams/corpus-j7an5.md,7f5a705ef567ab60f31fd30884da1d081e7d36a5a56c90fd31f8173d09cf9c6e,500
dependency_or_support,teams/defi-e9zii.md,docs/lisbon/archive/research-vault/teams/defi-e9zii.md,093368e6cf888100f96d023cdfab48305ec8744312a01385561f9f60a85332fa,492
dependency_or_support,teams/dive-5hxbp.md,docs/lisbon/archive/research-vault/teams/dive-5hxbp.md,68ef94b24bb1528170f72b84f1cf49cbfcc85108c2ff9c407cd54c0712ca08f9,492
dependency_or_support,teams/ensfromwei-m3nj7.md,docs/lisbon/archive/research-vault/teams/ensfromwei-m3nj7.md,9ec8b58d69d1255da5afe7ecca11cb65cc6178aefa82b07aeadef081ca3a29ae,520
dependency_or_support,teams/enshell-6t95y.md,docs/lisbon/archive/research-vault/teams/enshell-6t95y.md,eb60ac7d2d27f9e6e7a363eb6b7e29e8d2dc607624fb920a2601d9c66fa2ed90,504
dependency_or_support,teams/evm-porst-kkcfo.md,docs/lisbon/archive/research-vault/teams/evm-porst-kkcfo.md,5efdebb43427d96ae707877c4aefb4a032d14633556689509e0e77223120fc35,512
dependency_or_support,teams/kickoff-aivy-studio-f6o10.md,docs/lisbon/archive/research-vault/teams/kickoff-aivy-studio-f6o10.md,c4bfa503326aaf7c4c346fdf0bfcfcf423f65a969671b608b048c9cdc32ed8bf,556
dependency_or_support,teams/maki-564eg.md,docs/lisbon/archive/research-vault/teams/maki-564eg.md,5e473c0bb512b69f44ffc1a052dc56ab9b47ad8daf8bf69ca53a732dc4e12fed,492
dependency_or_support,teams/npmguard-aeihd.md,docs/lisbon/archive/research-vault/teams/npmguard-aeihd.md,f2eb4cc3b487bed42cc7a9de3cf9b0db330bbfd66ed7f7e692e1036b217ba347,508
dependency_or_support,teams/nyx-prk3o.md,docs/lisbon/archive/research-vault/teams/nyx-prk3o.md,9c05ae113353b32cd821445e1bbbed3f61ab9c00fff2ae407365c88bb2599dfe,492
dependency_or_support,teams/opencompliance-b89x9.md,docs/lisbon/archive/research-vault/teams/opencompliance-b89x9.md,e7bfb7d3179325cc07f4413d69f56158489d54c34ed404c315f4d0b2a814f4f8,532
dependency_or_support,teams/paintglobal-v4pwo.md,docs/lisbon/archive/research-vault/teams/paintglobal-v4pwo.md,70c72d451fa15cb0ab6a88f8ea167f852fe8e4f794c6db2cbb62fab8b656f217,520
dependency_or_support,teams/preo-rg0m9.md,docs/lisbon/archive/research-vault/teams/preo-rg0m9.md,4ec8cd5165acc24ce661d3b3085c75402b38c7963c002041a9a6b0f9e17d6647,496
dependency_or_support,teams/proof-of-human-1cg2d.md,docs/lisbon/archive/research-vault/teams/proof-of-human-1cg2d.md,71ea0eafc588c13c8fb7b27c90eaff02bbe80f8c3cb1a1116ae726a8da2e42c2,536
dependency_or_support,teams/scoutxyz-rwueo.md,docs/lisbon/archive/research-vault/teams/scoutxyz-rwueo.md,a92468653620accaf00dabea266927301a5ec5e754d898ecb98b8a034eac9f90,512
dependency_or_support,teams/sentinel-91nv5.md,docs/lisbon/archive/research-vault/teams/sentinel-91nv5.md,1b0b997c223088f469b5a2674ed3d7969d9798de5d3d54f08109d267eee6e93c,508
dependency_or_support,teams/shawarma-orchestrate-rfyhe.md,docs/lisbon/archive/research-vault/teams/shawarma-orchestrate-rfyhe.md,783960ef7742b055a057769507086f8ef5b3e3c1ec5dee2d077c1a023c51e3d2,556
dependency_or_support,teams/smile-fictr.md,docs/lisbon/archive/research-vault/teams/smile-fictr.md,175109bb8b4d9822019c78e23cc09b56c0e1dfe602b51725284ae0b582a63e30,500
dependency_or_support,teams/tap-tap-revolution-fnvdt.md,docs/lisbon/archive/research-vault/teams/tap-tap-revolution-fnvdt.md,735c61ad1995d3def2c03300e1b5b93a4122d98650fd6d6ba6b1975dd2bf8042,552
dependency_or_support,teams/veil-vpn-c643n.md,docs/lisbon/archive/research-vault/teams/veil-vpn-c643n.md,0c6f0aa07c72c0566052d7d579ae9b928ead5cdc25052e9d2e136010f856859d,508
dependency_or_support,teams/veryclear-vu8i7.md,docs/lisbon/archive/research-vault/teams/veryclear-vu8i7.md,e19113b4023226232cce4b84b60a1450c8bada12566f4041813cd690c0868c68,512
dependency_or_support,templates/01_Expected_Task_Output_Template.md,docs/lisbon/archive/research-vault/templates/01_Expected_Task_Output_Template.md,a586e5848a12f0ada069ea74ef18ef02ec58f6b1edeb8907a7044d4d7fa39a79,707
dependency_or_support,templates/02_Research_Aggregation_Template.md,docs/lisbon/archive/research-vault/templates/02_Research_Aggregation_Template.md,87268588e9804b587c0d9c5266d9c23187703d921c85302a44d2d7b69f1dda66,295
direct,tracks/00_Track_Index.md,docs/lisbon/archive/research-vault/tracks/00_Track_Index.md,69671a5fe9fdf69a919c4b8acb37490d8be159eb0b70d29d84271ad57df01dcb,1771
